family,cognits,relations,frontier,degree,depth,latency_us,relations_per_sec,touched_per_sec,logical_bytes,reserved_bytes,rss_delta
scaling,10000,40000,8,4,8,26.7033,1.22731e+08,1.53414e+07,6045360,7283742,13680640
scaling,10000,40000,100,4,8,284.95,1.48167e+08,1.85209e+07,6045360,7283742,13881344
scaling,10000,40000,1000,4,8,502.837,1.59097e+08,1.98872e+07,6045360,7283742,13996032
scaling,100000,400000,8,4,8,26.4433,1.23938e+08,1.54922e+07,60310240,66101797,127635456
scaling,100000,400000,100,4,8,332.647,1.25229e+08,1.56536e+07,60310240,66101797,127885312
scaling,100000,400000,1000,4,8,3004.89,1.42985e+08,1.78731e+07,60310240,66101797,130621440
scaling,1000000,4000000,8,4,8,30.4467,1.07642e+08,1.34552e+07,603000000,717939663,1236033536
scaling,1000000,4000000,100,4,8,397.407,1.04822e+08,1.31028e+07,603000000,717939663,1236275200
scaling,1000000,4000000,1000,4,8,3782.81,1.11044e+08,1.38805e+07,603000000,717939663,1238589440
growing,100000,100000,100,1,8,2.92,7.32877e+07,0,21907680,27300805,45613056
growing,100000,200000,100,2,8,3.725,1.19732e+08,0,34715360,42743061,72515584
growing,100000,400000,100,4,8,6.69,1.3997e+08,0,60310240,66101797,128172032
growing,100000,500000,100,5,8,11.82,1.02834e+08,0,73117920,93663909,151859200
growing,100000,800000,100,8,8,10.04,2.06932e+08,0,111500000,135017317,239468544
growing,100000,900000,100,9,8,12.66,1.93507e+08,0,124307680,135017317,263118848
growing,100000,1600000,100,16,8,22.255,2.19852e+08,0,213900000,290066997,462282752
growing,100000,3200000,100,32,8,57.82,2.22594e+08,0,418700000,553915093,907767808
growing,100000,6400000,100,64,8,198.145,1.93474e+08,0,828300000,952942869,1798725632
