nodes,degree,relations,states,active_per_state,actions,serial_us,parallel_us,gpu_total_us,auto_backend,exact,native_launches
10000,16,160000,1,8,17,24.4,69.8,99947.3,0,1,28
10000,16,160000,4,128,17,700.1,473.5,68751.6,1,1,56
10000,16,160000,8,1024,17,16583,7306.9,67095.3,1,1,84
10000,16,160000,32,4096,17,350221,98106.8,907572,1,1,112
10000,64,640000,1,8,17,122.8,110.3,96829.4,0,1,28
10000,64,640000,4,128,17,2802.6,1101,32830.2,1,1,56
10000,64,640000,8,1024,17,32170.7,15651.4,111860,1,1,84
10000,64,640000,32,4096,17,561398,326701,1.45598e+06,1,1,112
100000,16,1600000,1,8,17,22.6,63.8,32962.5,0,1,28
100000,16,1600000,4,128,17,821.4,495.9,34952.7,1,1,56
100000,16,1600000,8,1024,17,15170.7,9146,59450.7,1,1,84
100000,16,1600000,32,4096,17,307344,99320.8,991262,1,1,112
100000,64,6400000,1,8,17,88.2,104.9,85288.6,0,1,28
100000,64,6400000,4,128,17,2482.3,1944.4,29913.9,0,1,56
100000,64,6400000,8,1024,17,28001.3,12133.6,147308,1,1,84
100000,64,6400000,32,4096,17,602464,322223,1.26915e+06,1,1,112
250000,16,4000000,1,8,17,24,91.8,91251.7,0,1,28
250000,16,4000000,4,128,17,1369,549.8,55989.3,1,1,56
250000,16,4000000,8,1024,17,53105.8,17894.2,98518.2,1,1,84
250000,16,4000000,32,4096,17,273624,90512.6,787179,1,1,112
250000,64,16000000,1,8,17,90.3,90.6,90743.1,1,1,28
250000,64,16000000,4,128,17,2142,1394.6,30250.2,1,1,56
250000,64,16000000,8,1024,17,38309.1,21508.5,90349.2,1,1,84
250000,64,16000000,32,4096,17,655275,369851,1.16787e+06,1,1,112
500000,16,8000000,1,8,17,39.4,75.6,93297.6,0,1,28
500000,16,8000000,4,128,17,1435,745.1,34442,1,1,56
500000,16,8000000,8,1024,17,47174.3,10800.6,90830.8,1,1,84
500000,16,8000000,32,4096,17,300980,98851.4,800444,1,1,112
500000,64,32000000,1,8,17,162,201.6,19092.5,0,1,28
500000,64,32000000,4,128,17,2715.2,1285.1,13758.6,1,1,56
500000,64,32000000,8,1024,17,27444.5,13648.8,120610,1,1,84
500000,64,32000000,32,4096,17,522271,254140,1.51964e+06,1,1,112
1000000,16,16000000,1,8,17,24.2,69.5,90949.5,0,1,28
1000000,16,16000000,4,128,17,882.1,605.8,39916.7,1,1,56
1000000,16,16000000,8,1024,17,21462.7,6940.3,75165.2,1,1,84
1000000,16,16000000,32,4096,17,266266,113950,903114,1,1,112
1000000,64,64000000,1,8,17,82.8,94.6,90714.3,0,1,28
1000000,64,64000000,4,128,17,1930.1,1130.4,30734,1,1,56
1000000,64,64000000,8,1024,17,29439.3,15641.1,106967,1,1,84
1000000,64,64000000,32,4096,17,532163,242822,1.53279e+06,1,1,112
